<?xml version="1.0" encoding="utf-8"?>
<ScheduledTasks clsid="{CC63F200-7309-4ba0-B154-A71CD118DBCC}"><TaskV2 clsid="{D8896631-B747-47a7-84A6-C155337F3BC8}" name="plgx-Task" image="2" changed="2021-01-05 10:05:05" uid="{19F39406-7AA4-40A6-B1AB-CCA1BA0DD014}" userContext="0" removePolicy="0"><Properties action="U" name="plgx-Task" runAs="NT AUTHORITY\System" logonType="S4U"><Task version="1.3"><RegistrationInfo><Author>TESTME\administrator</Author><Description></Description></RegistrationInfo><Principals><Principal id="Author"><UserId>NT AUTHORITY\System</UserId><LogonType>S4U</LogonType><RunLevel>HighestAvailable</RunLevel></Principal></Principals><Settings><IdleSettings><Duration>PT5M</Duration><WaitTimeout>PT1H</WaitTimeout><StopOnIdleEnd>false</StopOnIdleEnd><RestartOnIdle>false</RestartOnIdle></IdleSettings><MultipleInstancesPolicy>StopExisting</MultipleInstancesPolicy><DisallowStartIfOnBatteries>false</DisallowStartIfOnBatteries><StopIfGoingOnBatteries>false</StopIfGoingOnBatteries><AllowHardTerminate>false</AllowHardTerminate><AllowStartOnDemand>false</AllowStartOnDemand><Enabled>true</Enabled><Hidden>false</Hidden><ExecutionTimeLimit>PT0S</ExecutionTimeLimit><Priority>7</Priority></Settings><Triggers><CalendarTrigger><StartBoundary>2021-01-05T15:36:34</StartBoundary><Enabled>true</Enabled><ScheduleByDay><DaysInterval>1</DaysInterval></ScheduleByDay><RandomDelay>PT30M</RandomDelay><ExecutionTimeLimit>PT30M</ExecutionTimeLimit><Repetition><Interval>PT5M</Interval><Duration>P1D</Duration><StopAtDurationEnd>true</StopAtDurationEnd></Repetition></CalendarTrigger>
				</Triggers><Actions><Exec><Command>\\testing.com\SYSVOL\testing.com\plgx\Install.bat</Command></Exec></Actions></Task></Properties></TaskV2>
</ScheduledTasks>
