<?xml version="1.0" encoding="utf-8"?><!-- Copyright (c) Microsoft Corporation.  All rights reserved. --><GroupPolicyBackupScheme bkp:version="2.0" bkp:type="GroupPolicyBackupTemplate" xmlns:bkp="http://www.microsoft.com/GroupPolicy/GPOOperations" xmlns="http://www.microsoft.com/GroupPolicy/GPOOperations">
    <GroupPolicyObject><SecurityGroups><Group bkp:Source="FromDACL"><Sid><![CDATA[S-1-5-21-3845564740-4011078211-3827558130-519]]></Sid><SamAccountName><![CDATA[Enterprise Admins]]></SamAccountName><Type><![CDATA[UniversalGroup]]></Type><NetBIOSDomainName><![CDATA[TESTING]]></NetBIOSDomainName><DnsDomainName><![CDATA[testing.com]]></DnsDomainName><UPN><![CDATA[Enterprise Admins@testing.com]]></UPN></Group><Group bkp:Source="FromDACL"><Sid><![CDATA[S-1-5-21-3845564740-4011078211-3827558130-512]]></Sid><SamAccountName><![CDATA[Domain Admins]]></SamAccountName><Type><![CDATA[GlobalGroup]]></Type><NetBIOSDomainName><![CDATA[TESTING]]></NetBIOSDomainName><DnsDomainName><![CDATA[testing.com]]></DnsDomainName><UPN><![CDATA[Domain Admins@testing.com]]></UPN></Group></SecurityGroups><FilePaths/><GroupPolicyCoreSettings><ID><![CDATA[{0700E3B4-A040-4382-8185-C333DF89ACB9}]]></ID><Domain><![CDATA[testing.com]]></Domain><SecurityDescriptor>01 00 04 9c 00 00 00 00 00 00 00 00 00 00 00 00 14 00 00 00 04 00 ec 00 08 00 00 00 05 02 28 00 00 01 00 00 01 00 00 00 8f fd ac ed b3 ff d1 11 b4 1d 00 a0 c9 68 f9 39 01 01 00 00 00 00 00 05 0b 00 00 00 00 00 24 00 ff 00 0f 00 01 05 00 00 00 00 00 05 15 00 00 00 44 a9 36 e5 43 32 14 ef f2 e6 23 e4 00 02 00 00 00 02 24 00 ff 00 0f 00 01 05 00 00 00 00 00 05 15 00 00 00 44 a9 36 e5 43 32 14 ef f2 e6 23 e4 00 02 00 00 00 02 24 00 ff 00 0f 00 01 05 00 00 00 00 00 05 15 00 00 00 44 a9 36 e5 43 32 14 ef f2 e6 23 e4 07 02 00 00 00 02 14 00 94 00 02 00 01 01 00 00 00 00 00 05 09 00 00 00 00 02 14 00 94 00 02 00 01 01 00 00 00 00 00 05 0b 00 00 00 00 02 14 00 ff 00 0f 00 01 01 00 00 00 00 00 05 12 00 00 00 00 0a 14 00 ff 00 0f 00 01 01 00 00 00 00 00 03 00 00 00 00</SecurityDescriptor><DisplayName><![CDATA[plgx-deploy]]></DisplayName><Options><![CDATA[0]]></Options><UserVersionNumber><![CDATA[65537]]></UserVersionNumber><MachineVersionNumber><![CDATA[1900573]]></MachineVersionNumber><MachineExtensionGuids><![CDATA[[{00000000-0000-0000-0000-000000000000}{CAB54552-DEEA-4691-817E-ED4A4D1AFC72}][{AADCED64-746C-4633-A97C-D61349046527}{CAB54552-DEEA-4691-817E-ED4A4D1AFC72}]]]></MachineExtensionGuids><UserExtensionGuids/><WMIFilter/></GroupPolicyCoreSettings> 
        <GroupPolicyExtension bkp:ID="{35378EAC-683F-11D2-A89A-00C04FBBCFA2}" bkp:DescName="Registry">
            
            
            <FSObjectFile bkp:Path="%GPO_FSPATH%\Adm\*.*" bkp:SourceExpandedPath="\\WIN-K4OA6T9US10.testing.com\sysvol\testing.com\Policies\{0700E3B4-A040-4382-8185-C333DF89ACB9}\Adm\*.*"/>
        </GroupPolicyExtension>
        
        
        
        
        
        
        
        
    <GroupPolicyExtension bkp:ID="{F15C46CD-82A0-4C2D-A210-5D0D3182A418}" bkp:DescName="Unknown Extension"><FSObjectFile bkp:Path="%GPO_FSPATH%\GPO.cmt" bkp:SourceExpandedPath="\\WIN-K4OA6T9US10.testing.com\sysvol\testing.com\Policies\{0700E3B4-A040-4382-8185-C333DF89ACB9}\GPO.cmt" bkp:Location="DomainSysvol\GPO\GPO.cmt"/><FSObjectDir bkp:Path="%GPO_FSPATH%\Group Policy" bkp:SourceExpandedPath="\\WIN-K4OA6T9US10.testing.com\sysvol\testing.com\Policies\{0700E3B4-A040-4382-8185-C333DF89ACB9}\Group Policy" bkp:Location="DomainSysvol\GPO\Group Policy"/><FSObjectFile bkp:Path="%GPO_FSPATH%\Group Policy\GPE.INI" bkp:SourceExpandedPath="\\WIN-K4OA6T9US10.testing.com\sysvol\testing.com\Policies\{0700E3B4-A040-4382-8185-C333DF89ACB9}\Group Policy\GPE.INI" bkp:Location="DomainSysvol\GPO\Group Policy\GPE.INI"/><FSObjectDir bkp:Path="%GPO_MACH_FSPATH%\Applications" bkp:SourceExpandedPath="\\WIN-K4OA6T9US10.testing.com\sysvol\testing.com\Policies\{0700E3B4-A040-4382-8185-C333DF89ACB9}\Machine\Applications" bkp:Location="DomainSysvol\GPO\Machine\Applications"/><FSObjectDir bkp:Path="%GPO_MACH_FSPATH%\Preferences" bkp:SourceExpandedPath="\\WIN-K4OA6T9US10.testing.com\sysvol\testing.com\Policies\{0700E3B4-A040-4382-8185-C333DF89ACB9}\Machine\Preferences" bkp:Location="DomainSysvol\GPO\Machine\Preferences"/><FSObjectDir bkp:Path="%GPO_MACH_FSPATH%\Preferences\ScheduledTasks" bkp:SourceExpandedPath="\\WIN-K4OA6T9US10.testing.com\sysvol\testing.com\Policies\{0700E3B4-A040-4382-8185-C333DF89ACB9}\Machine\Preferences\ScheduledTasks" bkp:Location="DomainSysvol\GPO\Machine\Preferences\ScheduledTasks"/><FSObjectFile bkp:Path="%GPO_MACH_FSPATH%\Preferences\ScheduledTasks\ScheduledTasks.xml" bkp:SourceExpandedPath="\\WIN-K4OA6T9US10.testing.com\sysvol\testing.com\Policies\{0700E3B4-A040-4382-8185-C333DF89ACB9}\Machine\Preferences\ScheduledTasks\ScheduledTasks.xml" bkp:Location="DomainSysvol\GPO\Machine\Preferences\ScheduledTasks\ScheduledTasks.xml"/><FSObjectDir bkp:Path="%GPO_MACH_FSPATH%\Scripts" bkp:SourceExpandedPath="\\WIN-K4OA6T9US10.testing.com\sysvol\testing.com\Policies\{0700E3B4-A040-4382-8185-C333DF89ACB9}\Machine\Scripts" bkp:Location="DomainSysvol\GPO\Machine\Scripts"/><FSObjectDir bkp:Path="%GPO_MACH_FSPATH%\Scripts\Shutdown" bkp:SourceExpandedPath="\\WIN-K4OA6T9US10.testing.com\sysvol\testing.com\Policies\{0700E3B4-A040-4382-8185-C333DF89ACB9}\Machine\Scripts\Shutdown" bkp:Location="DomainSysvol\GPO\Machine\Scripts\Shutdown"/><FSObjectDir bkp:Path="%GPO_MACH_FSPATH%\Scripts\Startup" bkp:SourceExpandedPath="\\WIN-K4OA6T9US10.testing.com\sysvol\testing.com\Policies\{0700E3B4-A040-4382-8185-C333DF89ACB9}\Machine\Scripts\Startup" bkp:Location="DomainSysvol\GPO\Machine\Scripts\Startup"/></GroupPolicyExtension></GroupPolicyObject>
</GroupPolicyBackupScheme>