<BackupInst xmlns="http://www.microsoft.com/GroupPolicy/GPOOperations/Manifest"><GPOGuid><![CDATA[{0700E3B4-A040-4382-8185-C333DF89ACB9}]]></GPOGuid><GPODomain><![CDATA[testing.com]]></GPODomain><GPODomainGuid><![CDATA[{e3bebecb-d070-43ef-b6c9-21adddb0366b}]]></GPODomainGuid><GPODomainController><![CDATA[WIN-K4OA6T9US10.testing.com]]></GPODomainController><BackupTime><![CDATA[2021-01-05T10:20:27]]></BackupTime><ID><![CDATA[{F709129C-3D2C-4972-A724-8C4FF8159F87}]]></ID><Comment><![CDATA[polylogyx_gpo]]></Comment><GPODisplayName><![CDATA[plgx-deploy]]></GPODisplayName></BackupInst>
